-- MySQL dump 10.13  Distrib 5.5.31, for debian-linux-gnu (x86_64)
--
-- Host: localhost    Database: library
-- ------------------------------------------------------
-- Server version	5.5.31-0ubuntu0.13.04.1

/*!40101 SET @OLD_CHARACTER_SET_CLIENT=@@CHARACTER_SET_CLIENT */;
/*!40101 SET @OLD_CHARACTER_SET_RESULTS=@@CHARACTER_SET_RESULTS */;
/*!40101 SET @OLD_COLLATION_CONNECTION=@@COLLATION_CONNECTION */;
/*!40101 SET NAMES utf8 */;
/*!40103 SET @OLD_TIME_ZONE=@@TIME_ZONE */;
/*!40103 SET TIME_ZONE='+00:00' */;
/*!40014 SET @OLD_UNIQUE_CHECKS=@@UNIQUE_CHECKS, UNIQUE_CHECKS=0 */;
/*!40014 SET @OLD_FOREIGN_KEY_CHECKS=@@FOREIGN_KEY_CHECKS, FOREIGN_KEY_CHECKS=0 */;
/*!40101 SET @OLD_SQL_MODE=@@SQL_MODE, SQL_MODE='NO_AUTO_VALUE_ON_ZERO' */;
/*!40111 SET @OLD_SQL_NOTES=@@SQL_NOTES, SQL_NOTES=0 */;

--
-- Table structure for table `branch`
--

DROP TABLE IF EXISTS `branch`;
/*!40101 SET @saved_cs_client     = @@character_set_client */;
/*!40101 SET character_set_client = utf8 */;
CREATE TABLE `branch` (
  `Bcode` varchar(3) NOT NULL,
  `librarian` varchar(20) NOT NULL,
  `address` varchar(20) NOT NULL,
  PRIMARY KEY (`Bcode`)
) ENGINE=InnoDB DEFAULT CHARSET=latin1;
/*!40101 SET character_set_client = @saved_cs_client */;

--
-- Dumping data for table `branch`
--

LOCK TABLES `branch` WRITE;
/*!40000 ALTER TABLE `branch` DISABLE KEYS */;
INSERT INTO `branch` VALUES ('B1','John Smith','2 Anglesea rd'),('B2','Mary Jones','34 pearse st'),('B3','Francis Owens','Grange X');
/*!40000 ALTER TABLE `branch` ENABLE KEYS */;
UNLOCK TABLES;

--
-- Table structure for table `holdings`
--

DROP TABLE IF EXISTS `holdings`;
/*!40101 SET @saved_cs_client     = @@character_set_client */;
/*!40101 SET character_set_client = utf8 */;
CREATE TABLE `holdings` (
  `branch` varchar(3) NOT NULL DEFAULT '',
  `Title` varchar(25) NOT NULL DEFAULT '',
  `#copies` tinyint(3) unsigned NOT NULL DEFAULT '1',
  PRIMARY KEY (`branch`,`Title`)
) ENGINE=InnoDB DEFAULT CHARSET=latin1;
/*!40101 SET character_set_client = @saved_cs_client */;

--
-- Dumping data for table `holdings`
--

LOCK TABLES `holdings` WRITE;
/*!40000 ALTER TABLE `holdings` DISABLE KEYS */;
INSERT INTO `holdings` VALUES ('B1','a history of dublin',1),('B1','how to fish',2),('B1','susannah',3),('B2','computers',2),('B2','how to fish',4),('B2','the wife',3),('B3','a history of dublin',1),('B3','computers',4),('B3','susannah',3),('B3','the wife',1);
/*!40000 ALTER TABLE `holdings` ENABLE KEYS */;
UNLOCK TABLES;

--
-- Table structure for table `titles`
--

DROP TABLE IF EXISTS `titles`;
/*!40101 SET @saved_cs_client     = @@character_set_client */;
/*!40101 SET character_set_client = utf8 */;
CREATE TABLE `titles` (
  `title` varchar(25) NOT NULL,
  `author` varchar(20) NOT NULL,
  `publisher` varchar(20) NOT NULL,
  PRIMARY KEY (`title`)
) ENGINE=InnoDB DEFAULT CHARSET=latin1;
/*!40101 SET character_set_client = @saved_cs_client */;

--
-- Dumping data for table `titles`
--

LOCK TABLES `titles` WRITE;
/*!40000 ALTER TABLE `titles` DISABLE KEYS */;
INSERT INTO `titles` VALUES ('a history of dublin','david little','wiley'),('computers','blaise pascal','applewoods'),('how to fish','amy fly','stop press'),('Susannah','ann brown','macmillan'),('the wife','ann brown','macmillan');
/*!40000 ALTER TABLE `titles` ENABLE KEYS */;
UNLOCK TABLES;
/*!40103 SET TIME_ZONE=@OLD_TIME_ZONE */;

/*!40101 SET SQL_MODE=@OLD_SQL_MODE */;
/*!40014 SET FOREIGN_KEY_CHECKS=@OLD_FOREIGN_KEY_CHECKS */;
/*!40014 SET UNIQUE_CHECKS=@OLD_UNIQUE_CHECKS */;
/*!40101 SET CHARACTER_SET_CLIENT=@OLD_CHARACTER_SET_CLIENT */;
/*!40101 SET CHARACTER_SET_RESULTS=@OLD_CHARACTER_SET_RESULTS */;
/*!40101 SET COLLATION_CONNECTION=@OLD_COLLATION_CONNECTION */;
/*!40111 SET SQL_NOTES=@OLD_SQL_NOTES */;

-- Dump completed on 2013-07-18 10:37:01
